id;content;creation_date;modification_date
1;payment Awesome Concrete Keyboard Health;2020-06-25T01:43:15;2020-06-24T12:57:53
2;monitor;2020-06-24T12:23:22;2020-06-25T08:12:50
3;Refined Fresh Tuna Gorgeous reintermediate;2020-06-24T15:14:10;2020-06-24T16:41:21
4;programming;2020-06-24T21:31:07;2020-06-24T22:08:43
5;Fresh South Carolina;2020-06-25T01:44:41;2020-06-24T22:53:59
6;mint green Metrics sky blue;2020-06-25T05:31:36;2020-06-24T14:58:28
7;synthesize;2020-06-24T14:14:34;2020-06-24T16:45:38
8;Savings Account bricks-and-clicks;2020-06-24T17:59:46;2020-06-24T14:26:06
9;application Knoll;2020-06-25T03:32:21;2020-06-24T13:06:18
10;eyeballs port;2020-06-25T01:12:50;2020-06-25T01:58:59
