id;name;description;creation_date;modification_date
1;bypass;Flat;2020-06-24T18:46:14;2020-06-24T21:49:43
2;Dynamic Enhanced actuating;Granite indigo;2020-06-24T20:28:37;2020-06-24T10:29:47
3;SSL Personal Loan Account analyzer;generate Baby embrace;2020-06-24T22:12:13;2020-06-24T16:35:56
4;Wisconsin Namibia payment;Ball tan;2020-06-25T05:32:56;2020-06-24T15:19:02
5;drive;Assistant;2020-06-25T03:24:20;2020-06-24T19:08:36
6;Belgium Slovenia;Malagasy Ariary visualize;2020-06-24T17:49:16;2020-06-24T14:14:59
7;users International Unbranded;Oklahoma;2020-06-24T19:04:02;2020-06-25T07:26:01
8;Keyboard;yellow;2020-06-24T19:51:21;2020-06-25T07:50:02
9;haptic;Buckinghamshire;2020-06-24T20:56:17;2020-06-25T02:04:34
10;functionalities;Directives;2020-06-25T03:40:18;2020-06-25T02:29:52
