id;name;creation_date;modification_date
1;Investment Account Associate compressing;2020-06-24T12:56:34;2020-06-24T13:31:34
2;supply-chains Data Toys;2020-06-24T12:53:27;2020-06-24T20:25:49
3;invoice overriding;2020-06-25T00:33:54;2020-06-24T18:18:15
4;Games Street;2020-06-24T17:33:33;2020-06-25T07:26:29
5;Georgia;2020-06-25T03:23:12;2020-06-24T15:46:43
6;viral customized sensor;2020-06-25T03:37:18;2020-06-24T19:20:34
7;Awesome synergize;2020-06-25T01:41:15;2020-06-24T17:40:36
8;Saint Helena Pound capacitor;2020-06-25T01:39:54;2020-06-25T04:20:48
9;port;2020-06-25T00:54:27;2020-06-24T12:43:23
10;e-tailers Somali Shilling;2020-06-24T19:36:29;2020-06-25T09:07:47
